trip_id,route_id,route_short_name,route_long_name,trip_headsign,direction_id,service_id,block_id,start_stop_id,start_stop_name,start_lat,start_lon,start_time,end_stop_id,end_stop_name,end_lat,end_lon,end_time,start_min,end_min
8.T0.13-30-j26-2.13.H,13-30-j26-2,30,Nürnberg Nordostbahnhof - Flughafen - Am Wegfeld - Erlangen Arcaden - Hauptbahnhof - Hugenottenplatz,Erlangen Arcaden,0,T0#13,,de:09564:1335:13:8,"Nürnberg, Nordostbahnhof",49.47233427,11.10471303,06:38:00,de:09564:1373:0:1,Nürnberg Neumeyerstr.,49.48432864,11.12329019,06:48:00,398,408
9.T0.13-30-j26-2.13.H,13-30-j26-2,30,Nürnberg Nordostbahnhof - Flughafen - Am Wegfeld - Erlangen Arcaden - Hauptbahnhof - Hugenottenplatz,Erlangen Arcaden,0,T0#13,,de:09564:1335:13:8,"Nürnberg, Nordostbahnhof",49.47233427,11.10471303,06:58:00,de:09564:1373:0:1,Nürnberg Neumeyerstr.,49.48432864,11.12329019,07:08:00,418,428
10.T0.13-30-j26-2.13.H,13-30-j26-2,30,Nürnberg Nordostbahnhof - Flughafen - Am Wegfeld - Erlangen Arcaden - Hauptbahnhof - Hugenottenplatz,Erlangen Arcaden,0,T0#13,,de:09564:1335:13:8,"Nürnberg, Nordostbahnhof",49.47233427,11.10471303,07:18:00,de:09564:1373:0:1,Nürnberg Neumeyerstr.,49.48432864,11.12329019,07:28:00,438,448
11.T0.13-30-j26-2.13.H,13-30-j26-2,30,Nürnberg Nordostbahnhof - Flughafen - Am Wegfeld - Erlangen Arcaden - Hauptbahnhof - Hugenottenplatz,Erlangen Arcaden,0,T0#13,,de:09564:1335:13:8,"Nürnberg, Nordostbahnhof",49.47233427,11.10471303,07:38:00,de:09564:1373:0:1,Nürnberg Neumeyerstr.,49.48432864,11.12329019,07:48:00,458,468
12.T0.13-30-j26-2.13.H,13-30-j26-2,30,Nürnberg Nordostbahnhof - Flughafen - Am Wegfeld - Erlangen Arcaden - Hauptbahnhof - Hugenottenplatz,Erlangen Arcaden,0,T0#13,,de:09564:1335:13:8,"Nürnberg, Nordostbahnhof",49.47233427,11.10471303,07:58:00,de:09564:1373:0:1,Nürnberg Neumeyerstr.,49.48432864,11.12329019,08:08:00,478,488
13.T0.13-30-j26-2.13.H,13-30-j26-2,30,Nürnberg Nordostbahnhof - Flughafen - Am Wegfeld - Erlangen Arcaden - Hauptbahnhof - Hugenottenplatz,Erlangen Arcaden,0,T0#13,,de:09564:1335:13:8,"Nürnberg, Nordostbahnhof",49.47233427,11.10471303,08:18:00,de:09564:1373:0:1,Nürnberg Neumeyerstr.,49.48432864,11.12329019,08:28:00,498,508
14.T0.13-30-j26-2.13.H,13-30-j26-2,30,Nürnberg Nordostbahnhof - Flughafen - Am Wegfeld - Erlangen Arcaden - Hauptbahnhof - Hugenottenplatz,Erlangen Arcaden,0,T0#13,,de:09564:1335:13:8,"Nürnberg, Nordostbahnhof",49.47233427,11.10471303,08:38:00,de:09564:1373:0:1,Nürnberg Neumeyerstr.,49.48432864,11.12329019,08:48:00,518,528
15.T0.13-30-j26-2.13.H,13-30-j26-2,30,Nürnberg Nordostbahnhof - Flughafen - Am Wegfeld - Erlangen Arcaden - Hauptbahnhof - Hugenottenplatz,Erlangen Arcaden,0,T0#13,,de:09564:1335:13:8,"Nürnberg, Nordostbahnhof",49.47233427,11.10471303,08:58:00,de:09564:1373:0:1,Nürnberg Neumeyerstr.,49.48432864,11.12329019,09:08:00,538,548
55.T0.13-30-j26-2.17.R,13-30-j26-2,30,Nürnberg Nordostbahnhof - Flughafen - Am Wegfeld - Erlangen Arcaden - Hauptbahnhof - Hugenottenplatz,"Nürnberg, Nordostbahnhof",1,T0#13,,de:09562:3151:0:42,Erlangen Arcaden,49.59417215,11.00412867,06:22:00,de:09564:1274:0:2,Nürnberg Moosäckerstr.,49.51873703,11.03364731,06:42:00,382,402
56.T0.13-30-j26-2.17.R,13-30-j26-2,30,Nürnberg Nordostbahnhof - Flughafen - Am Wegfeld - Erlangen Arcaden - Hauptbahnhof - Hugenottenplatz,"Nürnberg, Nordostbahnhof",1,T0#13,,de:09562:3151:0:42,Erlangen Arcaden,49.59417215,11.00412867,06:42:00,de:09564:1274:0:2,Nürnberg Moosäckerstr.,49.51873703,11.03364731,07:02:00,402,422
57.T0.13-30-j26-2.17.R,13-30-j26-2,30,Nürnberg Nordostbahnhof - Flughafen - Am Wegfeld - Erlangen Arcaden - Hauptbahnhof - Hugenottenplatz,"Nürnberg, Nordostbahnhof",1,T0#13,,de:09562:3151:0:42,Erlangen Arcaden,49.59417215,11.00412867,07:02:00,de:09564:1274:0:2,Nürnberg Moosäckerstr.,49.51873703,11.03364731,07:22:00,422,442
58.T0.13-30-j26-2.17.R,13-30-j26-2,30,Nürnberg Nordostbahnhof - Flughafen - Am Wegfeld - Erlangen Arcaden - Hauptbahnhof - Hugenottenplatz,"Nürnberg, Nordostbahnhof",1,T0#13,,de:09562:3151:0:42,Erlangen Arcaden,49.59417215,11.00412867,07:22:00,de:09564:1274:0:2,Nürnberg Moosäckerstr.,49.51873703,11.03364731,07:42:00,442,462
59.T0.13-30-j26-2.17.R,13-30-j26-2,30,Nürnberg Nordostbahnhof - Flughafen - Am Wegfeld - Erlangen Arcaden - Hauptbahnhof - Hugenottenplatz,"Nürnberg, Nordostbahnhof",1,T0#13,,de:09562:3151:0:42,Erlangen Arcaden,49.59417215,11.00412867,07:42:00,de:09564:1274:0:2,Nürnberg Moosäckerstr.,49.51873703,11.03364731,08:02:00,462,482
60.T0.13-30-j26-2.17.R,13-30-j26-2,30,Nürnberg Nordostbahnhof - Flughafen - Am Wegfeld - Erlangen Arcaden - Hauptbahnhof - Hugenottenplatz,"Nürnberg, Nordostbahnhof",1,T0#13,,de:09562:3151:0:42,Erlangen Arcaden,49.59417215,11.00412867,08:02:00,de:09564:1274:0:2,Nürnberg Moosäckerstr.,49.51873703,11.03364731,08:22:00,482,502
61.T0.13-30-j26-2.17.R,13-30-j26-2,30,Nürnberg Nordostbahnhof - Flughafen - Am Wegfeld - Erlangen Arcaden - Hauptbahnhof - Hugenottenplatz,"Nürnberg, Nordostbahnhof",1,T0#13,,de:09562:3151:0:42,Erlangen Arcaden,49.59417215,11.00412867,08:22:00,de:09564:1274:0:2,Nürnberg Moosäckerstr.,49.51873703,11.03364731,08:42:00,502,522
62.T0.13-30-j26-2.18.R,13-30-j26-2,30,Nürnberg Nordostbahnhof - Flughafen - Am Wegfeld - Erlangen Arcaden - Hauptbahnhof - Hugenottenplatz,Nürnberg Am Wegfeld,1,T0#13,,de:09562:3151:0:42,Erlangen Arcaden,49.59417215,11.00412867,08:42:00,de:09564:1274:0:2,Nürnberg Moosäckerstr.,49.51873703,11.03364731,09:02:00,522,542
8.T0.13-31-j26-1.7.H,13-31-j26-1,31,Herrnhütte - Am Wegfeld - Neunhof - Großgründlach,Nürnberg Hansengarten,0,T0#6,,de:09564:1324:3:6,Nürnberg Herrnhütte,49.47836976,11.10947410,06:33:00,de:09564:1356:13:2,Nürnberg Thuisbrunner Str.,49.48866457,11.11604079,06:43:00,393,403
9.T0.13-31-j26-1.7.H,13-31-j26-1,31,Herrnhütte - Am Wegfeld - Neunhof - Großgründlach,Nürnberg Hansengarten,0,T0#6,,de:09564:1324:3:6,Nürnberg Herrnhütte,49.47836976,11.10947410,06:53:00,de:09564:1356:13:2,Nürnberg Thuisbrunner Str.,49.48866457,11.11604079,07:03:00,413,423
10.T0.13-31-j26-1.8.H,13-31-j26-1,31,Herrnhütte - Am Wegfeld - Neunhof - Großgründlach,Nürnberg Neumeyerstr.,0,T0+01,,de:09564:1324:3:6,Nürnberg Herrnhütte,49.47836976,11.10947410,07:08:00,de:09564:1373:0:1,Nürnberg Neumeyerstr.,49.48432864,11.12329019,07:13:00,428,433
11.T0.13-31-j26-1.7.H,13-31-j26-1,31,Herrnhütte - Am Wegfeld - Neunhof - Großgründlach,Nürnberg Hansengarten,0,T0#6,,de:09564:1324:3:6,Nürnberg Herrnhütte,49.47836976,11.10947410,07:13:00,de:09564:1356:13:2,Nürnberg Thuisbrunner Str.,49.48866457,11.11604079,07:23:00,433,443
12.T0.13-31-j26-1.8.H,13-31-j26-1,31,Herrnhütte - Am Wegfeld - Neunhof - Großgründlach,Nürnberg Neumeyerstr.,0,T0+01,,de:09564:1324:3:6,Nürnberg Herrnhütte,49.47836976,11.10947410,07:18:00,de:09564:1373:0:1,Nürnberg Neumeyerstr.,49.48432864,11.12329019,07:23:00,438,443
13.T0.13-31-j26-1.8.H,13-31-j26-1,31,Herrnhütte - Am Wegfeld - Neunhof - Großgründlach,Nürnberg Neumeyerstr.,0,T0+01,,de:09564:1324:3:6,Nürnberg Herrnhütte,49.47836976,11.10947410,07:28:00,de:09564:1373:0:1,Nürnberg Neumeyerstr.,49.48432864,11.12329019,07:33:00,448,453
14.T0.13-31-j26-1.7.H,13-31-j26-1,31,Herrnhütte - Am Wegfeld - Neunhof - Großgründlach,Nürnberg Hansengarten,0,T0#6,,de:09564:1324:3:6,Nürnberg Herrnhütte,49.47836976,11.10947410,07:33:00,de:09564:1356:13:2,Nürnberg Thuisbrunner Str.,49.48866457,11.11604079,07:43:00,453,463
15.T0.13-31-j26-1.8.H,13-31-j26-1,31,Herrnhütte - Am Wegfeld - Neunhof - Großgründlach,Nürnberg Neumeyerstr.,0,T0+01,,de:09564:1324:3:6,Nürnberg Herrnhütte,49.47836976,11.10947410,07:38:00,de:09564:1373:0:1,Nürnberg Neumeyerstr.,49.48432864,11.12329019,07:43:00,458,463
16.T0.13-31-j26-1.8.H,13-31-j26-1,31,Herrnhütte - Am Wegfeld - Neunhof - Großgründlach,Nürnberg Neumeyerstr.,0,T0+01,,de:09564:1324:3:6,Nürnberg Herrnhütte,49.47836976,11.10947410,07:48:00,de:09564:1373:0:1,Nürnberg Neumeyerstr.,49.48432864,11.12329019,07:53:00,468,473
17.T0.13-31-j26-1.9.H,13-31-j26-1,31,Herrnhütte - Am Wegfeld - Neunhof - Großgründlach,Nürnberg Am Wegfeld,0,T0#6,,de:09564:1324:3:6,Nürnberg Herrnhütte,49.47836976,11.10947410,07:53:00,de:09564:1356:13:2,Nürnberg Thuisbrunner Str.,49.48866457,11.11604079,08:03:00,473,483
18.T0.13-31-j26-1.8.H,13-31-j26-1,31,Herrnhütte - Am Wegfeld - Neunhof - Großgründlach,Nürnberg Neumeyerstr.,0,T0+01,,de:09564:1324:3:6,Nürnberg Herrnhütte,49.47836976,11.10947410,07:58:00,de:09564:1373:0:1,Nürnberg Neumeyerstr.,49.48432864,11.12329019,08:03:00,478,483
19.T0.13-31-j26-1.8.H,13-31-j26-1,31,Herrnhütte - Am Wegfeld - Neunhof - Großgründlach,Nürnberg Neumeyerstr.,0,T0+01,,de:09564:1324:3:6,Nürnberg Herrnhütte,49.47836976,11.10947410,08:08:00,de:09564:1373:0:1,Nürnberg Neumeyerstr.,49.48432864,11.12329019,08:13:00,488,493
20.T0.13-31-j26-1.10.H,13-31-j26-1,31,Herrnhütte - Am Wegfeld - Neunhof - Großgründlach,Nürnberg Boxdorf,0,T0#6,,de:09564:1324:3:6,Nürnberg Herrnhütte,49.47836976,11.10947410,08:13:00,de:09564:1356:13:2,Nürnberg Thuisbrunner Str.,49.48866457,11.11604079,08:23:00,493,503
21.T0.13-31-j26-1.8.H,13-31-j26-1,31,Herrnhütte - Am Wegfeld - Neunhof - Großgründlach,Nürnberg Neumeyerstr.,0,T0+01,,de:09564:1324:3:6,Nürnberg Herrnhütte,49.47836976,11.10947410,08:18:00,de:09564:1373:0:1,Nürnberg Neumeyerstr.,49.48432864,11.12329019,08:23:00,498,503
22.T0.13-31-j26-1.8.H,13-31-j26-1,31,Herrnhütte - Am Wegfeld - Neunhof - Großgründlach,Nürnberg Neumeyerstr.,0,T0+01,,de:09564:1324:3:6,Nürnberg Herrnhütte,49.47836976,11.10947410,08:28:00,de:09564:1373:0:1,Nürnberg Neumeyerstr.,49.48432864,11.12329019,08:33:00,508,513
23.T0.13-31-j26-1.9.H,13-31-j26-1,31,Herrnhütte - Am Wegfeld - Neunhof - Großgründlach,Nürnberg Am Wegfeld,0,T0#6,,de:09564:1324:3:6,Nürnberg Herrnhütte,49.47836976,11.10947410,08:33:00,de:09564:1356:13:2,Nürnberg Thuisbrunner Str.,49.48866457,11.11604079,08:43:00,513,523
24.T0.13-31-j26-1.8.H,13-31-j26-1,31,Herrnhütte - Am Wegfeld - Neunhof - Großgründlach,Nürnberg Neumeyerstr.,0,T0+01,,de:09564:1324:3:6,Nürnberg Herrnhütte,49.47836976,11.10947410,08:38:00,de:09564:1373:0:1,Nürnberg Neumeyerstr.,49.48432864,11.12329019,08:43:00,518,523
25.T0.13-31-j26-1.8.H,13-31-j26-1,31,Herrnhütte - Am Wegfeld - Neunhof - Großgründlach,Nürnberg Neumeyerstr.,0,T0+01,,de:09564:1324:3:6,Nürnberg Herrnhütte,49.47836976,11.10947410,08:48:00,de:09564:1373:0:1,Nürnberg Neumeyerstr.,49.48432864,11.12329019,08:53:00,528,533
26.T0.13-31-j26-1.3.H,13-31-j26-1,31,Herrnhütte - Am Wegfeld - Neunhof - Großgründlach,Nürnberg Kriegerdenkmal,0,T0#6,,de:09564:1324:3:6,Nürnberg Herrnhütte,49.47836976,11.10947410,08:53:00,de:09564:1356:13:2,Nürnberg Thuisbrunner Str.,49.48866457,11.11604079,09:03:00,533,543
66.T0.13-31-j26-1.17.R,13-31-j26-1,31,Herrnhütte - Am Wegfeld - Neunhof - Großgründlach,Nürnberg Herrnhütte,1,T0#6,,de:09564:1261:0:1,Nürnberg Hansengarten,49.52678433,11.01981325,06:29:00,de:09564:1270:0:3,Nürnberg Erich-Ollenhauer-Str.,49.51656753,11.02485280,06:38:00,389,398
67.T0.13-31-j26-1.17.R,13-31-j26-1,31,Herrnhütte - Am Wegfeld - Neunhof - Großgründlach,Nürnberg Herrnhütte,1,T0#6,,de:09564:1261:0:1,Nürnberg Hansengarten,49.52678433,11.01981325,06:49:00,de:09564:1270:0:3,Nürnberg Erich-Ollenhauer-Str.,49.51656753,11.02485280,06:58:00,409,418
68.T0.13-31-j26-1.25.R,13-31-j26-1,31,Herrnhütte - Am Wegfeld - Neunhof - Großgründlach,Nürnberg Am Wegfeld,1,T0+01,,de:09564:1274:0:3,Nürnberg Moosäckerstr.,49.51890615,11.03476122,06:52:00,de:09564:1280:0:4,Nürnberg Buch Nord,49.50311682,11.04513676,07:04:00,412,424
69.T0.13-31-j26-1.17.R,13-31-j26-1,31,Herrnhütte - Am Wegfeld - Neunhof - Großgründlach,Nürnberg Herrnhütte,1,T0#6,,de:09564:1261:0:1,Nürnberg Hansengarten,49.52678433,11.01981325,07:09:00,de:09564:1270:0:3,Nürnberg Erich-Ollenhauer-Str.,49.51656753,11.02485280,07:18:00,429,438
70.T0.13-31-j26-1.17.R,13-31-j26-1,31,Herrnhütte - Am Wegfeld - Neunhof - Großgründlach,Nürnberg Herrnhütte,1,T0#6,,de:09564:1261:0:1,Nürnberg Hansengarten,49.52678433,11.01981325,07:29:00,de:09564:1270:0:3,Nürnberg Erich-Ollenhauer-Str.,49.51656753,11.02485280,07:38:00,449,458
71.T0.13-31-j26-1.17.R,13-31-j26-1,31,Herrnhütte - Am Wegfeld - Neunhof - Großgründlach,Nürnberg Herrnhütte,1,T0#6,,de:09564:1261:0:1,Nürnberg Hansengarten,49.52678433,11.01981325,07:49:00,de:09564:1270:0:3,Nürnberg Erich-Ollenhauer-Str.,49.51656753,11.02485280,07:58:00,469,478
72.T0.13-31-j26-1.17.R,13-31-j26-1,31,Herrnhütte - Am Wegfeld - Neunhof - Großgründlach,Nürnberg Herrnhütte,1,T0#6,,de:09564:1261:0:1,Nürnberg Hansengarten,49.52678433,11.01981325,08:09:00,de:09564:1270:0:3,Nürnberg Erich-Ollenhauer-Str.,49.51656753,11.02485280,08:18:00,489,498
73.T0.13-31-j26-1.17.R,13-31-j26-1,31,Herrnhütte - Am Wegfeld - Neunhof - Großgründlach,Nürnberg Herrnhütte,1,T0#6,,de:09564:1261:0:1,Nürnberg Hansengarten,49.52678433,11.01981325,08:41:00,de:09564:1270:0:3,Nürnberg Erich-Ollenhauer-Str.,49.51656753,11.02485280,08:49:00,521,529
9.T0.13-43-j26-2.5.H,13-43-j26-2,43,Hauptbahnhof - Zerzabelshof  - Passauer Straße,Nürnberg Passauer Str.,0,T0#19,,de:09564:510:3:D,Nürnberg Hbf,49.44725043,11.08188684,06:28:00,de:09564:411:3:1,"Nürnberg, Gleißhammer Bahnhof",49.44426591,11.11277990,06:37:00,388,397
10.T0.13-43-j26-2.5.H,13-43-j26-2,43,Hauptbahnhof - Zerzabelshof  - Passauer Straße,Nürnberg Passauer Str.,0,T0#19,,de:09564:510:3:D,Nürnberg Hbf,49.44725043,11.08188684,06:38:00,de:09564:411:3:1,"Nürnberg, Gleißhammer Bahnhof",49.44426591,11.11277990,06:47:00,398,407
11.T0.13-43-j26-2.5.H,13-43-j26-2,43,Hauptbahnhof - Zerzabelshof  - Passauer Straße,Nürnberg Passauer Str.,0,T0#19,,de:09564:510:3:D,Nürnberg Hbf,49.44725043,11.08188684,06:48:00,de:09564:411:3:1,"Nürnberg, Gleißhammer Bahnhof",49.44426591,11.11277990,06:57:00,408,417
12.T0.13-43-j26-2.5.H,13-43-j26-2,43,Hauptbahnhof - Zerzabelshof  - Passauer Straße,Nürnberg Passauer Str.,0,T0#19,,de:09564:510:3:D,Nürnberg Hbf,49.44725043,11.08188684,06:58:00,de:09564:411:3:1,"Nürnberg, Gleißhammer Bahnhof",49.44426591,11.11277990,07:07:00,418,427
13.T0.13-43-j26-2.5.H,13-43-j26-2,43,Hauptbahnhof - Zerzabelshof  - Passauer Straße,Nürnberg Passauer Str.,0,T0#19,,de:09564:510:3:D,Nürnberg Hbf,49.44725043,11.08188684,07:08:00,de:09564:411:3:1,"Nürnberg, Gleißhammer Bahnhof",49.44426591,11.11277990,07:17:00,428,437
14.T0.13-43-j26-2.5.H,13-43-j26-2,43,Hauptbahnhof - Zerzabelshof  - Passauer Straße,Nürnberg Passauer Str.,0,T0#19,,de:09564:510:3:D,Nürnberg Hbf,49.44725043,11.08188684,07:18:00,de:09564:411:3:1,"Nürnberg, Gleißhammer Bahnhof",49.44426591,11.11277990,07:27:00,438,447
15.T0.13-43-j26-2.5.H,13-43-j26-2,43,Hauptbahnhof - Zerzabelshof  - Passauer Straße,Nürnberg Passauer Str.,0,T0#19,,de:09564:510:3:D,Nürnberg Hbf,49.44725043,11.08188684,07:28:00,de:09564:411:3:1,"Nürnberg, Gleißhammer Bahnhof",49.44426591,11.11277990,07:37:00,448,457
16.T0.13-43-j26-2.5.H,13-43-j26-2,43,Hauptbahnhof - Zerzabelshof  - Passauer Straße,Nürnberg Passauer Str.,0,T0#19,,de:09564:510:3:D,Nürnberg Hbf,49.44725043,11.08188684,07:38:00,de:09564:411:3:1,"Nürnberg, Gleißhammer Bahnhof",49.44426591,11.11277990,07:47:00,458,467
17.T0.13-43-j26-2.5.H,13-43-j26-2,43,Hauptbahnhof - Zerzabelshof  - Passauer Straße,Nürnberg Passauer Str.,0,T0#19,,de:09564:510:3:D,Nürnberg Hbf,49.44725043,11.08188684,07:48:00,de:09564:411:3:1,"Nürnberg, Gleißhammer Bahnhof",49.44426591,11.11277990,07:57:00,468,477
18.T0.13-43-j26-2.5.H,13-43-j26-2,43,Hauptbahnhof - Zerzabelshof  - Passauer Straße,Nürnberg Passauer Str.,0,T0#19,,de:09564:510:3:D,Nürnberg Hbf,49.44725043,11.08188684,07:58:00,de:09564:411:3:1,"Nürnberg, Gleißhammer Bahnhof",49.44426591,11.11277990,08:07:00,478,487
19.T0.13-43-j26-2.5.H,13-43-j26-2,43,Hauptbahnhof - Zerzabelshof  - Passauer Straße,Nürnberg Passauer Str.,0,T0#19,,de:09564:510:3:D,Nürnberg Hbf,49.44725043,11.08188684,08:08:00,de:09564:411:3:1,"Nürnberg, Gleißhammer Bahnhof",49.44426591,11.11277990,08:17:00,488,497
20.T0.13-43-j26-2.5.H,13-43-j26-2,43,Hauptbahnhof - Zerzabelshof  - Passauer Straße,Nürnberg Passauer Str.,0,T0#19,,de:09564:510:3:D,Nürnberg Hbf,49.44725043,11.08188684,08:18:00,de:09564:411:3:1,"Nürnberg, Gleißhammer Bahnhof",49.44426591,11.11277990,08:27:00,498,507
21.T0.13-43-j26-2.5.H,13-43-j26-2,43,Hauptbahnhof - Zerzabelshof  - Passauer Straße,Nürnberg Passauer Str.,0,T0#19,,de:09564:510:3:D,Nürnberg Hbf,49.44725043,11.08188684,08:28:00,de:09564:411:3:1,"Nürnberg, Gleißhammer Bahnhof",49.44426591,11.11277990,08:37:00,508,517
22.T0.13-43-j26-2.5.H,13-43-j26-2,43,Hauptbahnhof - Zerzabelshof  - Passauer Straße,Nürnberg Passauer Str.,0,T0#19,,de:09564:510:3:D,Nürnberg Hbf,49.44725043,11.08188684,08:38:00,de:09564:411:3:1,"Nürnberg, Gleißhammer Bahnhof",49.44426591,11.11277990,08:47:00,518,527
23.T0.13-43-j26-2.5.H,13-43-j26-2,43,Hauptbahnhof - Zerzabelshof  - Passauer Straße,Nürnberg Passauer Str.,0,T0#19,,de:09564:510:3:D,Nürnberg Hbf,49.44725043,11.08188684,08:48:00,de:09564:411:3:1,"Nürnberg, Gleißhammer Bahnhof",49.44426591,11.11277990,08:57:00,528,537
24.T0.13-43-j26-2.5.H,13-43-j26-2,43,Hauptbahnhof - Zerzabelshof  - Passauer Straße,Nürnberg Passauer Str.,0,T0#19,,de:09564:510:3:D,Nürnberg Hbf,49.44725043,11.08188684,08:58:00,de:09564:411:3:1,"Nürnberg, Gleißhammer Bahnhof",49.44426591,11.11277990,09:07:00,538,547
103.T0.13-43-j26-2.6.R,13-43-j26-2,43,Hauptbahnhof - Zerzabelshof  - Passauer Straße,Nürnberg Hbf,1,T0#19,,de:09564:453:0:41,Nürnberg Passauer Str.,49.44745485,11.12219425,06:26:00,de:09564:460:0:2,Nürnberg Untere Baustr.,49.44633348,11.09319663,06:35:00,386,395
104.T0.13-43-j26-2.6.R,13-43-j26-2,43,Hauptbahnhof - Zerzabelshof  - Passauer Straße,Nürnberg Hbf,1,T0#19,,de:09564:453:0:41,Nürnberg Passauer Str.,49.44745485,11.12219425,06:36:00,de:09564:460:0:2,Nürnberg Untere Baustr.,49.44633348,11.09319663,06:45:00,396,405
105.T0.13-43-j26-2.6.R,13-43-j26-2,43,Hauptbahnhof - Zerzabelshof  - Passauer Straße,Nürnberg Hbf,1,T0#19,,de:09564:453:0:41,Nürnberg Passauer Str.,49.44745485,11.12219425,06:46:00,de:09564:460:0:2,Nürnberg Untere Baustr.,49.44633348,11.09319663,06:55:00,406,415
106.T0.13-43-j26-2.6.R,13-43-j26-2,43,Hauptbahnhof - Zerzabelshof  - Passauer Straße,Nürnberg Hbf,1,T0#19,,de:09564:453:0:41,Nürnberg Passauer Str.,49.44745485,11.12219425,06:56:00,de:09564:460:0:2,Nürnberg Untere Baustr.,49.44633348,11.09319663,07:05:00,416,425
107.T0.13-43-j26-2.6.R,13-43-j26-2,43,Hauptbahnhof - Zerzabelshof  - Passauer Straße,Nürnberg Hbf,1,T0#19,,de:09564:453:0:41,Nürnberg Passauer Str.,49.44745485,11.12219425,07:06:00,de:09564:460:0:2,Nürnberg Untere Baustr.,49.44633348,11.09319663,07:15:00,426,435
108.T0.13-43-j26-2.6.R,13-43-j26-2,43,Hauptbahnhof - Zerzabelshof  - Passauer Straße,Nürnberg Hbf,1,T0#19,,de:09564:453:0:41,Nürnberg Passauer Str.,49.44745485,11.12219425,07:16:00,de:09564:460:0:2,Nürnberg Untere Baustr.,49.44633348,11.09319663,07:25:00,436,445
109.T0.13-43-j26-2.6.R,13-43-j26-2,43,Hauptbahnhof - Zerzabelshof  - Passauer Straße,Nürnberg Hbf,1,T0#19,,de:09564:453:0:41,Nürnberg Passauer Str.,49.44745485,11.12219425,07:26:00,de:09564:460:0:2,Nürnberg Untere Baustr.,49.44633348,11.09319663,07:35:00,446,455
110.T0.13-43-j26-2.6.R,13-43-j26-2,43,Hauptbahnhof - Zerzabelshof  - Passauer Straße,Nürnberg Hbf,1,T0#19,,de:09564:453:0:41,Nürnberg Passauer Str.,49.44745485,11.12219425,07:36:00,de:09564:460:0:2,Nürnberg Untere Baustr.,49.44633348,11.09319663,07:45:00,456,465
111.T0.13-43-j26-2.6.R,13-43-j26-2,43,Hauptbahnhof - Zerzabelshof  - Passauer Straße,Nürnberg Hbf,1,T0#19,,de:09564:453:0:41,Nürnberg Passauer Str.,49.44745485,11.12219425,07:46:00,de:09564:460:0:2,Nürnberg Untere Baustr.,49.44633348,11.09319663,07:55:00,466,475
112.T0.13-43-j26-2.6.R,13-43-j26-2,43,Hauptbahnhof - Zerzabelshof  - Passauer Straße,Nürnberg Hbf,1,T0#19,,de:09564:453:0:41,Nürnberg Passauer Str.,49.44745485,11.12219425,07:56:00,de:09564:460:0:2,Nürnberg Untere Baustr.,49.44633348,11.09319663,08:05:00,476,485
113.T0.13-43-j26-2.6.R,13-43-j26-2,43,Hauptbahnhof - Zerzabelshof  - Passauer Straße,Nürnberg Hbf,1,T0#19,,de:09564:453:0:41,Nürnberg Passauer Str.,49.44745485,11.12219425,08:06:00,de:09564:460:0:2,Nürnberg Untere Baustr.,49.44633348,11.09319663,08:15:00,486,495
114.T0.13-43-j26-2.6.R,13-43-j26-2,43,Hauptbahnhof - Zerzabelshof  - Passauer Straße,Nürnberg Hbf,1,T0#19,,de:09564:453:0:41,Nürnberg Passauer Str.,49.44745485,11.12219425,08:16:00,de:09564:460:0:2,Nürnberg Untere Baustr.,49.44633348,11.09319663,08:25:00,496,505
115.T0.13-43-j26-2.6.R,13-43-j26-2,43,Hauptbahnhof - Zerzabelshof  - Passauer Straße,Nürnberg Hbf,1,T0#19,,de:09564:453:0:41,Nürnberg Passauer Str.,49.44745485,11.12219425,08:26:00,de:09564:460:0:2,Nürnberg Untere Baustr.,49.44633348,11.09319663,08:35:00,506,515
116.T0.13-43-j26-2.6.R,13-43-j26-2,43,Hauptbahnhof - Zerzabelshof  - Passauer Straße,Nürnberg Hbf,1,T0#19,,de:09564:453:0:41,Nürnberg Passauer Str.,49.44745485,11.12219425,08:36:00,de:09564:460:0:2,Nürnberg Untere Baustr.,49.44633348,11.09319663,08:45:00,516,525
117.T0.13-43-j26-2.6.R,13-43-j26-2,43,Hauptbahnhof - Zerzabelshof  - Passauer Straße,Nürnberg Hbf,1,T0#19,,de:09564:453:0:41,Nürnberg Passauer Str.,49.44745485,11.12219425,08:46:00,de:09564:460:0:2,Nürnberg Untere Baustr.,49.44633348,11.09319663,08:55:00,526,535
118.T0.13-43-j26-2.6.R,13-43-j26-2,43,Hauptbahnhof - Zerzabelshof  - Passauer Straße,Nürnberg Hbf,1,T0#19,,de:09564:453:0:41,Nürnberg Passauer Str.,49.44745485,11.12219425,08:56:00,de:09564:460:0:2,Nürnberg Untere Baustr.,49.44633348,11.09319663,09:05:00,536,545
5.T0.13-44-j26-2.2.H,13-44-j26-2,44,Hauptbahnhof - Zerzabelshof Mitte - Klinikum Süd - Langwasser Mitte,Nürnberg Zerzabelshof Ost,0,T0#19,,de:09564:510:3:D,Nürnberg Hbf,49.44725043,11.08188684,06:23:00,de:09564:411:3:1,"Nürnberg, Gleißhammer Bahnhof",49.44426591,11.11277990,06:32:00,383,392
6.T0.13-44-j26-2.1.H,13-44-j26-2,44,Hauptbahnhof - Zerzabelshof Mitte - Klinikum Süd - Langwasser Mitte,Nürnb. Langwasser Mitte,0,T0#19,,de:09564:510:3:D,Nürnberg Hbf,49.44725043,11.08188684,06:33:00,de:09564:411:3:1,"Nürnberg, Gleißhammer Bahnhof",49.44426591,11.11277990,06:42:00,393,402
7.T0.13-44-j26-2.2.H,13-44-j26-2,44,Hauptbahnhof - Zerzabelshof Mitte - Klinikum Süd - Langwasser Mitte,Nürnberg Zerzabelshof Ost,0,T0#19,,de:09564:510:3:D,Nürnberg Hbf,49.44725043,11.08188684,06:43:00,de:09564:411:3:1,"Nürnberg, Gleißhammer Bahnhof",49.44426591,11.11277990,06:52:00,403,412
8.T0.13-44-j26-2.1.H,13-44-j26-2,44,Hauptbahnhof - Zerzabelshof Mitte - Klinikum Süd - Langwasser Mitte,Nürnb. Langwasser Mitte,0,T0#19,,de:09564:510:3:D,Nürnberg Hbf,49.44725043,11.08188684,06:53:00,de:09564:411:3:1,"Nürnberg, Gleißhammer Bahnhof",49.44426591,11.11277990,07:02:00,413,422
9.T0.13-44-j26-2.2.H,13-44-j26-2,44,Hauptbahnhof - Zerzabelshof Mitte - Klinikum Süd - Langwasser Mitte,Nürnberg Zerzabelshof Ost,0,T0#19,,de:09564:510:3:D,Nürnberg Hbf,49.44725043,11.08188684,07:03:00,de:09564:411:3:1,"Nürnberg, Gleißhammer Bahnhof",49.44426591,11.11277990,07:12:00,423,432
10.T0.13-44-j26-2.1.H,13-44-j26-2,44,Hauptbahnhof - Zerzabelshof Mitte - Klinikum Süd - Langwasser Mitte,Nürnb. Langwasser Mitte,0,T0#19,,de:09564:510:3:D,Nürnberg Hbf,49.44725043,11.08188684,07:13:00,de:09564:411:3:1,"Nürnberg, Gleißhammer Bahnhof",49.44426591,11.11277990,07:22:00,433,442
11.T0.13-44-j26-2.2.H,13-44-j26-2,44,Hauptbahnhof - Zerzabelshof Mitte - Klinikum Süd - Langwasser Mitte,Nürnberg Zerzabelshof Ost,0,T0#19,,de:09564:510:3:D,Nürnberg Hbf,49.44725043,11.08188684,07:23:00,de:09564:411:3:1,"Nürnberg, Gleißhammer Bahnhof",49.44426591,11.11277990,07:32:00,443,452
12.T0.13-44-j26-2.1.H,13-44-j26-2,44,Hauptbahnhof - Zerzabelshof Mitte - Klinikum Süd - Langwasser Mitte,Nürnb. Langwasser Mitte,0,T0#19,,de:09564:510:3:D,Nürnberg Hbf,49.44725043,11.08188684,07:33:00,de:09564:411:3:1,"Nürnberg, Gleißhammer Bahnhof",49.44426591,11.11277990,07:42:00,453,462
13.T0.13-44-j26-2.2.H,13-44-j26-2,44,Hauptbahnhof - Zerzabelshof Mitte - Klinikum Süd - Langwasser Mitte,Nürnberg Zerzabelshof Ost,0,T0#19,,de:09564:510:3:D,Nürnberg Hbf,49.44725043,11.08188684,07:43:00,de:09564:411:3:1,"Nürnberg, Gleißhammer Bahnhof",49.44426591,11.11277990,07:52:00,463,472
14.T0.13-44-j26-2.1.H,13-44-j26-2,44,Hauptbahnhof - Zerzabelshof Mitte - Klinikum Süd - Langwasser Mitte,Nürnb. Langwasser Mitte,0,T0#19,,de:09564:510:3:D,Nürnberg Hbf,49.44725043,11.08188684,07:53:00,de:09564:411:3:1,"Nürnberg, Gleißhammer Bahnhof",49.44426591,11.11277990,08:02:00,473,482
15.T0.13-44-j26-2.2.H,13-44-j26-2,44,Hauptbahnhof - Zerzabelshof Mitte - Klinikum Süd - Langwasser Mitte,Nürnberg Zerzabelshof Ost,0,T0#19,,de:09564:510:3:D,Nürnberg Hbf,49.44725043,11.08188684,08:03:00,de:09564:411:3:1,"Nürnberg, Gleißhammer Bahnhof",49.44426591,11.11277990,08:12:00,483,492
16.T0.13-44-j26-2.1.H,13-44-j26-2,44,Hauptbahnhof - Zerzabelshof Mitte - Klinikum Süd - Langwasser Mitte,Nürnb. Langwasser Mitte,0,T0#19,,de:09564:510:3:D,Nürnberg Hbf,49.44725043,11.08188684,08:13:00,de:09564:411:3:1,"Nürnberg, Gleißhammer Bahnhof",49.44426591,11.11277990,08:22:00,493,502
17.T0.13-44-j26-2.2.H,13-44-j26-2,44,Hauptbahnhof - Zerzabelshof Mitte - Klinikum Süd - Langwasser Mitte,Nürnberg Zerzabelshof Ost,0,T0#19,,de:09564:510:3:D,Nürnberg Hbf,49.44725043,11.08188684,08:23:00,de:09564:411:3:1,"Nürnberg, Gleißhammer Bahnhof",49.44426591,11.11277990,08:32:00,503,512
18.T0.13-44-j26-2.1.H,13-44-j26-2,44,Hauptbahnhof - Zerzabelshof Mitte - Klinikum Süd - Langwasser Mitte,Nürnb. Langwasser Mitte,0,T0#19,,de:09564:510:3:D,Nürnberg Hbf,49.44725043,11.08188684,08:33:00,de:09564:411:3:1,"Nürnberg, Gleißhammer Bahnhof",49.44426591,11.11277990,08:42:00,513,522
19.T0.13-44-j26-2.2.H,13-44-j26-2,44,Hauptbahnhof - Zerzabelshof Mitte - Klinikum Süd - Langwasser Mitte,Nürnberg Zerzabelshof Ost,0,T0#19,,de:09564:510:3:D,Nürnberg Hbf,49.44725043,11.08188684,08:43:00,de:09564:411:3:1,"Nürnberg, Gleißhammer Bahnhof",49.44426591,11.11277990,08:52:00,523,532
20.T0.13-44-j26-2.1.H,13-44-j26-2,44,Hauptbahnhof - Zerzabelshof Mitte - Klinikum Süd - Langwasser Mitte,Nürnb. Langwasser Mitte,0,T0#19,,de:09564:510:3:D,Nürnberg Hbf,49.44725043,11.08188684,08:53:00,de:09564:411:3:1,"Nürnberg, Gleißhammer Bahnhof",49.44426591,11.11277990,09:02:00,533,542
93.T0.13-44-j26-2.3.R,13-44-j26-2,44,Hauptbahnhof - Zerzabelshof Mitte - Klinikum Süd - Langwasser Mitte,Nürnberg Hbf,1,T0#19,,de:09564:1567:3:11,Nürnb. Langwasser Mitte,49.40446854,11.13274047,06:35:00,de:09564:1452:0:2,Nürnberg Sportanlage FCN,49.43442913,11.13304590,06:49:00,395,409
94.T0.13-44-j26-2.4.R,13-44-j26-2,44,Hauptbahnhof - Zerzabelshof Mitte - Klinikum Süd - Langwasser Mitte,Nürnberg Hbf,1,T0#19,,de:09564:1445:0:1,Nürnberg Zerzabelshof Ost,49.42841744,11.14126548,06:36:00,de:09564:454:0:2,Nürnberg Marienbader Str.,49.44306854,11.12071203,06:43:00,396,403
95.T0.13-44-j26-2.3.R,13-44-j26-2,44,Hauptbahnhof - Zerzabelshof Mitte - Klinikum Süd - Langwasser Mitte,Nürnberg Hbf,1,T0#19,,de:09564:1567:3:11,Nürnb. Langwasser Mitte,49.40446854,11.13274047,06:55:00,de:09564:1452:0:2,Nürnberg Sportanlage FCN,49.43442913,11.13304590,07:09:00,415,429
96.T0.13-44-j26-2.4.R,13-44-j26-2,44,Hauptbahnhof - Zerzabelshof Mitte - Klinikum Süd - Langwasser Mitte,Nürnberg Hbf,1,T0#19,,de:09564:1445:0:1,Nürnberg Zerzabelshof Ost,49.42841744,11.14126548,06:56:00,de:09564:454:0:2,Nürnberg Marienbader Str.,49.44306854,11.12071203,07:03:00,416,423
97.T0.13-44-j26-2.3.R,13-44-j26-2,44,Hauptbahnhof - Zerzabelshof Mitte - Klinikum Süd - Langwasser Mitte,Nürnberg Hbf,1,T0#19,,de:09564:1567:3:11,Nürnb. Langwasser Mitte,49.40446854,11.13274047,07:15:00,de:09564:1452:0:2,Nürnberg Sportanlage FCN,49.43442913,11.13304590,07:29:00,435,449
98.T0.13-44-j26-2.4.R,13-44-j26-2,44,Hauptbahnhof - Zerzabelshof Mitte - Klinikum Süd - Langwasser Mitte,Nürnberg Hbf,1,T0#19,,de:09564:1445:0:1,Nürnberg Zerzabelshof Ost,49.42841744,11.14126548,07:16:00,de:09564:454:0:2,Nürnberg Marienbader Str.,49.44306854,11.12071203,07:23:00,436,443
99.T0.13-44-j26-2.3.R,13-44-j26-2,44,Hauptbahnhof - Zerzabelshof Mitte - Klinikum Süd - Langwasser Mitte,Nürnberg Hbf,1,T0#19,,de:09564:1567:3:11,Nürnb. Langwasser Mitte,49.40446854,11.13274047,07:35:00,de:09564:1452:0:2,Nürnberg Sportanlage FCN,49.43442913,11.13304590,07:49:00,455,469
100.T0.13-44-j26-2.4.R,13-44-j26-2,44,Hauptbahnhof - Zerzabelshof Mitte - Klinikum Süd - Langwasser Mitte,Nürnberg Hbf,1,T0#19,,de:09564:1445:0:1,Nürnberg Zerzabelshof Ost,49.42841744,11.14126548,07:36:00,de:09564:454:0:2,Nürnberg Marienbader Str.,49.44306854,11.12071203,07:43:00,456,463
101.T0.13-44-j26-2.3.R,13-44-j26-2,44,Hauptbahnhof - Zerzabelshof Mitte - Klinikum Süd - Langwasser Mitte,Nürnberg Hbf,1,T0#19,,de:09564:1567:3:11,Nürnb. Langwasser Mitte,49.40446854,11.13274047,07:55:00,de:09564:1452:0:2,Nürnberg Sportanlage FCN,49.43442913,11.13304590,08:09:00,475,489
102.T0.13-44-j26-2.4.R,13-44-j26-2,44,Hauptbahnhof - Zerzabelshof Mitte - Klinikum Süd - Langwasser Mitte,Nürnberg Hbf,1,T0#19,,de:09564:1445:0:1,Nürnberg Zerzabelshof Ost,49.42841744,11.14126548,07:56:00,de:09564:454:0:2,Nürnberg Marienbader Str.,49.44306854,11.12071203,08:03:00,476,483
103.T0.13-44-j26-2.3.R,13-44-j26-2,44,Hauptbahnhof - Zerzabelshof Mitte - Klinikum Süd - Langwasser Mitte,Nürnberg Hbf,1,T0#19,,de:09564:1567:3:11,Nürnb. Langwasser Mitte,49.40446854,11.13274047,08:15:00,de:09564:1452:0:2,Nürnberg Sportanlage FCN,49.43442913,11.13304590,08:29:00,495,509
104.T0.13-44-j26-2.4.R,13-44-j26-2,44,Hauptbahnhof - Zerzabelshof Mitte - Klinikum Süd - Langwasser Mitte,Nürnberg Hbf,1,T0#19,,de:09564:1445:0:1,Nürnberg Zerzabelshof Ost,49.42841744,11.14126548,08:16:00,de:09564:454:0:2,Nürnberg Marienbader Str.,49.44306854,11.12071203,08:23:00,496,503
105.T0.13-44-j26-2.3.R,13-44-j26-2,44,Hauptbahnhof - Zerzabelshof Mitte - Klinikum Süd - Langwasser Mitte,Nürnberg Hbf,1,T0#19,,de:09564:1567:3:11,Nürnb. Langwasser Mitte,49.40446854,11.13274047,08:35:00,de:09564:1452:0:2,Nürnberg Sportanlage FCN,49.43442913,11.13304590,08:49:00,515,529
106.T0.13-44-j26-2.4.R,13-44-j26-2,44,Hauptbahnhof - Zerzabelshof Mitte - Klinikum Süd - Langwasser Mitte,Nürnberg Hbf,1,T0#19,,de:09564:1445:0:1,Nürnberg Zerzabelshof Ost,49.42841744,11.14126548,08:36:00,de:09564:454:0:2,Nürnberg Marienbader Str.,49.44306854,11.12071203,08:43:00,516,523
107.T0.13-44-j26-2.3.R,13-44-j26-2,44,Hauptbahnhof - Zerzabelshof Mitte - Klinikum Süd - Langwasser Mitte,Nürnberg Hbf,1,T0#19,,de:09564:1567:3:11,Nürnb. Langwasser Mitte,49.40446854,11.13274047,08:55:00,de:09564:1452:0:2,Nürnberg Sportanlage FCN,49.43442913,11.13304590,09:09:00,535,549
108.T0.13-44-j26-2.4.R,13-44-j26-2,44,Hauptbahnhof - Zerzabelshof Mitte - Klinikum Süd - Langwasser Mitte,Nürnberg Hbf,1,T0#19,,de:09564:1445:0:1,Nürnberg Zerzabelshof Ost,49.42841744,11.14126548,08:56:00,de:09564:454:0:2,Nürnberg Marienbader Str.,49.44306854,11.12071203,09:03:00,536,543
